date,title,article,interested,link
2023.06.12,토트넘 거절하고 UCL 뛴다더니…그 팀이야?→'제2의 호날두' 깜짝 행보+SON·이강인 영향,"(엑스포츠뉴스 나승우 기자) 감독과 불화로 첼시로 임대 중인 아틀레티코 마드리드 공격수 주앙 펠릭스가 튀르키예 최강 갈라타사라이 SNS 계정을 팔로우해 화제다.영국 데일리메일은 11일(한국시간) ""펠리스가 인스타그램에서 갈라타사라이를 팔로우한 후 그의 미래에 대한 추측을 불러일으켰다""고 조명했다.포르투갈 명문 벤피카에서 성장해 지난 2019년 무려 1억2600만유로(약 1800억원)의 이적료로 아틀레티코로 향한 펠릭스는 제2의 앙투안 그리즈만으로 불리며 아틀레티코의 미래를 책임질 것으로 기대를 모았다. 자국에선 '제2의 호날두'로 기대를 한껏 모았다.이적 초반에는 나쁘지 않았다. 골 결정력에서 문제를 드러내긴 했지만 드리블로 상대를 휘젓고 날카로운 패스로 동료들에게 기회를 제공하는 등 공격 첨병 역할을 훌륭하게 소화했다.하지만 공격 포인트 생산력이 매우 떨어졌다. 레알 마드리드, 바르셀로나와 함께 라리가 3강으로 불리는 아틀레티코에게 펠릭스의 저조한 경기력은 언제나 고민거리였다.지난 시즌에는 24경기 출전에 그쳤고, 공격 포인트도 8골 4도움으로 나쁘진 않지만 아틀레티코에게는 만족스럽지 않은 성적을 기록했다. 또한 디에고 시메오네 감독과의 관계도 나빠졌다. 결국 이번 시즌 전반기만 소화하고 겨울 이적시장을 통해 첼시로 임대를 떠났다.펠릭스는 첼시에서도 실망스러운 골 결정력을 보여주면서 4골을 기록하는 데 그쳤다. 아틀레티코는 펠릭스를 복귀시키지 않고 매각하려는 입장이나 펠릭스에게 관심을 보이는 팀이 많지 않아 판매가 쉽지 않은 상황이다.이런 상황에서 펠릭스가 뜬금없이 갈라타사라이 SNS 계정을 팔로우하면서 올 여름 튀르키예로 떠나는 것 아니냐는 추측이 이어지고 있다.데일리메일에 따르면 두르순 외즈벡 갈라타사라이 회장은 ""펠릭스가 우리 구단을 팔로우하고 있다는 사실은 갈라타사라이가 얼마나 중요한 팀인지를 잘 알려준다""며 만족해한 것으로 알려졌다.펠릭스에 대해선 손흥민 소속팀인 잉글리시 프리미어리그 토트넘도 러브콜을 보낸 상황이다. 하지만 펠릭스는 챔피언스리그에 나갈 수 있는 팀을 선호한다며 토트넘 러브콜을 바로 거절한 것으로 알려졌다. 애스턴 빌라 역시 구애 작전을 펼치고 있으나 UEFA 클럽대항전 3부리그 격인 유로파 콘퍼런스리그 티켓을 갖고 있다.갈라타사라이는 이번 시즌 튀르키예 리그 1위를 차지해 다음 시즌 UEFA(유럽축구연맹) 챔피언스리그에 참가한다. 펠릭스도 챔피언스리그에서 경쟁할 수 있다는 점에 큰 매력을 느낀 것으로 보인다.한편, 펠릭스의 이적은 이강인이 아틀레티코로 향하는 데 중요한 변수가 될 전망이다. 현재 이강인 영입에 가장 적극적인 관심을 보이고 있는 아틀레티코는 이적료 부분에서 마요르카와 줄다리기 중이다. 펠릭스 판매 금액이 이강인 이적 자금에 보탬이 될 수 있다.또한 이강인 경쟁자인 야닉 카라스코도 바르셀로나 이적설이 나오고 있는 만큼, 펠릭스마저 팀을 떠날 경우 이강인을 영입해 전력 공백을 메울 필요가 있다.아울러 손흥민과도 연관이 있다. 펠릭스가 마음을 바꿔 토트넘에 간다면 손흥민과 경쟁하거나, 혹은 단짝이 될 수 있는 상황이다. 손흥민과 펠릭스 모두 왼쪽 날개를 선호하지만 가운데와 오른쪽에서도 뛸 수 있어서다.사진=EPA, PA Wire/연합뉴스, 데일리메일 캡쳐나승우 기자구독구독자2,061응원수1,775라이트 팬도 쉽고 재밌게 읽을 수 있는 기사로 다가가겠습니다.SON 경쟁자 늘어난다…토트넘, 맨유 '1200억 FW' 예의주시'무버지' 무리뉴, 황희찬 영입 결정…이적료 '140억'에 로마 가서 세리에A '4호' 되나",0,https://sports.news.naver.com/news?oid=311&aid=0001603126
2023.06.12,"맨유 에이스, 마이애미에서 무슨 일?...새벽 5시에 호텔행 포착 '충격'→'조강지녀' 버렸다 英언론 대서특필","[마이데일리 = 김성호 기자]잉글랜드 프리미어 리그 맨체스터 유나이티드 에이스 마커스 래시포드는 올 시즌 최고의 시즌을 보냈다. 잉글랜드 프리미어 리그에서 17골을 터드리며 맨유 최고 골잡이가 됐다. 득점 6위였다.원래 맨유의 스트라이커는 크리스티아누 호날두였다. 호날두가 11월 ‘폭탄선언’후 팀을 떠난 후 에릭 텐 하흐는 그를 ‘호날두의 후계자’로 기용했다. 래시포드는 17골로 보답했다.래시포드의 활약 덕분에 맨유는 지난 2월말 카라바오 컵에서 우승했다. 4일 끝난 FA컵에서 라이벌 맨시티에 1-2로 석패, 준우승했다. 래시포드는 맨시티에 패한 후 그라운드에 주저앉은 가르나초등의 등을 두드리며 동료들을 위로하는 모습을 보여 팬들로부터 “차기 주장감”이라는 칭찬을 듣기도 했다. 물론 자신도 팀이 패하는 순간 유니폼으로 얼굴을 감싸면서 눈물을 흘리기도 했다.다음날 언론은 래시포드가 맨유를 떠나지 않고 장기계약을 하기로 했다. 다음 시즌 챔피언스 리그에 진출한 맨유의 명가 재건을 위해 팀에 남겠다는 것이었다.모든 시즌 일정이 끝난 후 래시포드는 곧바로 미국 마이애미로 휴가를 떠났다. 시즌 중 피로를 풀기위해서였던 것으로 보인다. 그런데 지난 겨울 함께 했던 약혼녀 대신 클럽에서 만난 여성과 새벽까지 파티를 즐긴 후 호텔로 함께 이동하는 사진이 찍혔다.영국 더 선은 11일 래시포드와 관련된 기사를 내보냈다. 이 기사에서 래시포드는 어린 시절 연인이었던 약 두달 전에 약혼자와 헤어졌다고 한다. 지난 해 5월 루시아 로이와 약혼했지만 약 1년만에 파혼했다. 지난 3월 부상으로 인해 쉴 동안 두 사람은 전세기를 타고 뉴욕으로 날아가서 즐거운 시간을 보내기도 했다.더 선은 “복잡한 것이 아니다. 관계는 순조롭게 진행되었고 그들은 매우 친한 친구로 남아 있다”고 밝혔다.마이애미에서 휴식을 취한 래시포드는 밤에 여성들과 즐거운 시간을 보내고 새벽에 한 여성과 함께 호텔로 돌아오는 모습이 영국 팬들에게 찍혔다고 한다.래시포드는 혼자가 아니었다. 팀 동료인 티렐 말라시아와 친구들과 함께 호텔 스위트룸에서 휴가를 즐겼다. 래시포드를 본 한 팬은 “예쁜 여자들이 호텔에서 마커스에게 몰려들었다”라고 더 선에 밝히기도 했다.팬들은 래시포드에 실망감을 드러냈다. 특히 약혼녀와 헤어진 것에 대해 비판하고 있다. 왜냐하면 올 시즌 래시포드가 맨유의 에이스로 우뚝 서게 된 것이 바로 약혼녀 덕분이라고 믿고 있기 때문이다. 경기장 밖에서 약혼녀의 안정적인 도움으로 인해 에이스로 거듭났다는 것이다.래시포드는 15살 때 학교 친구였고 이때부터 서로에게 반해 연인이 되었다고 한다. 약 10년간 함께 한 이들은 코로나 팬데믹때도 한번 헤어졌다고 한다. 지난 해 1월에 다시 만났고 4개월 후 약혼을 발표했다. 특히 맨시티의 잭 그릴리쉬의 여자친구인 모델 사샤 애트우드의 절친인 약혼녀는 래시포드를 응원하기 위해 함께 다니기도 했지만 결국 헤어졌다고 한다. 결혼은 하지 않았기에 '조강지처'는 아니지만 '조강지녀'와 결별했다.한편 마이애미에서 래시포드는 IMG 아카데미 축구 캠프에서 어린 선수들을 코칭하는 데 시간을 보냈기도 했다. 이를 자신의 소셜미디어에 올렸다. 래시포드는 잉글랜드 국가대표팀에 선발되었기에 오는 17일 몰타에서 열리는 유로 2024 예선 경기 등에 출전할 것으로 보인다.[마이애미에서 휴가와 축구 아카데미에서 아이들을 가르친 래시포드. 올 시즌 맨유의 에이스로 거듭 났다. 하지만 폼을 되찾도록 도와준 약혼녀와 헤어졌디고 한다. 사진=게티이미지코리아, 래시포드 소셜미디어, 더 선]()김성호 기자구독구독자944응원수134맨유 텐 하흐↔레알 안첼로티 ‘대충돌’...레알 감독, 케인 영입위해 직접 접촉→‘맨유행 급브레이크’유러피언 트레블 맨시티↔'ATM 이강인' 안방에서 '충돌'→'결승전 부상 덕배' 출전 초미의 관심",0,https://sports.news.naver.com/news?oid=117&aid=0003738661
2023.06.12,"[오피셜] AS 로마, FA로 아우아르 영입 완료...'2028년까지 5년 계약'","AS로마가 후셈 아우아르(24)를 영입했다.로마는 11일(한국시간) 구단 홈페이지를 통해 ""아우아르의 계약을 발표하게 돼서 기쁘다. 2028년 6월까지 계약을 맺었다""라고 공식 발표했다.로마 유니폼을 입게 된 아우아르는 ""로마는 훌륭한 역사를 보유한 훌륭한 클럽이다. 로마와 계약하게 돼서 기쁘다. 로마는 중요한 팀이고, 강한 선수단과 특별한 팬들을 보유했기에 내게 적합한 프로젝트라고 생각한다. 난 준비가 됐다""라고 소감을 밝혔다. 아우아르는 다음 시즌부터 등번호 22번을 달고 스타디오 올림피코를 누비게 됐다.프랑스의 명문 클럽 올림피크 리옹에서 유스 생활을 보낸 아우아르는 2017년에 프로 데뷔를 알렸다. 2017-18시즌부터 주전 자리를 꿰찼고, 넓은 중원 지역을 커버하면서 기량을 발산했다. 공격 포인트도 다수 생산했다. 특히 2018-19시즌에 15개의 공격 포인트(7골 8도움)를 올렸다.탁월한 발재간과 정확한 연계 능력이 아우아르의 강점이다. 높은 드리블, 패스 성공률을 기로하며 리그앙을 흔들었다. 이에 일찌감치 빅클럽들의 타깃이 됐고 아스널, 토트넘 훗스퍼, AC밀란, 파리 생제르맹 등이 관심을 드러냈다. 하지만 아우아르는 수많은 이적설에도 리옹에 잔류하게 됐다.2022-23시즌에는 잦은 부상으로 기대 이하의 모습을 보여줬다. 한 시즌 동안 리그앙 출전이 16경기 521분에 그쳤다. 그리고 계약이 만료되면서 자유 계약(FA)으로 풀려났다.아우아르의 선택은 로마였다. 2022-23시즌 도중에는 아스톤 빌라, 프랑크푸르트, AC밀란과 연결된 바 있었는데 결국 조세 무리뉴 감독 품에 안겼다.사진= AS로마 홈페이지박지원 기자구독구독자3,229응원수2,988TALK안녕하세요, 그라운드를 지원하겠습니다.[U-20 WC 라인업] '배준호-이승원-김지수 선발' 김은중호, 3·4위전 명단 공개'맨시티 잔류? 바르사 이적?' 귄도안, ""아직 모른다""",0,https://sports.news.naver.com/news?oid=413&aid=0000161174
2023.06.12,"포체티노가 인정한 세계 최고 중 한 명…""레알과 영입 경쟁한다""","[스포티비뉴스=이민재 기자] 인터 밀란의 라우타로 마르티네스(25)가 여러 구단의 관심을 받고 있다.영국 매체 '익스프레스'는 10일(한국시간) ""마우리시오 포체티노 감독의 이적 리스트가 공개됐다""라며 ""첼시가 마르티네스 영입전에 나서고 있다""라고 보도했다.이어 ""첼시와 레알 마드리드는 마르티네스 영입을 놓고 경쟁하고 있다. 포체티노 감독은 마르티네스의 열렬한 팬이다""라고 덧붙였다.또한 ""첼시는 이번 시즌 리그 38경기서 38골에 그쳤다. 올여름 공격수 영입을 최우선 과제로 삼고 있다""라며 ""마르티네스는 현재 유럽 축구에서 가장 핫한 선수 중 한 명이다""라고 전했다.영국 매체 '더 타임스'는 ""포체티노 감독은 마르티네스를 세계 최고의 스트라이커 중 한 명으로 믿고 있다. 첼시 영입 리스트의 높은 순위에 이름을 올렸다""라고 밝혔다.마르티네스는 리그를 대표하는 최고의 공격수 중 한 명으로 자리 잡았다. 지난 2020-21시즌 총 48경기서 19골 11도움으로 세리에A 우승을 이끈 주역이 되었다. 당시 안토니오 콘테 감독과 함께 리그 우승을 합작했다. 올 시즌에도 57경기에 나서 28골 11도움으로 존재감을 드러냈다.마르티네스는 지난여름 토트넘과 아스널의 관심을 받은 바 있다. 특히 토트넘은 해리 케인이 떠날 경우 대체할 선수로 마르티네스를 눈여겨봤다. 그러나 그는 2026년까지 새로운 계약을 체결하면서 인터 밀란에 남았다.재계약을 체결하면서 이적이 무산됐으나 다시 루머가 나오고 있다. 인터 밀란이 재정적인 어려움을 겪고 있기 때문이다. 여러 팀이 영입전에 나서고 있다.첼시는 로멜루 루카쿠와 마르티네스를 동시에 활용하겠다는 계획이다. 인터 밀란으로 임대를 떠난 루카쿠는 올여름 첼시로 돌아올 예정이다. 마르티네스를 영입해 인터 밀란 공격진 조합을 첼시에서 다시 만들겠다는 각오다.이 매체는 ""포체티노 감독은 루카쿠에게 기회를 줄 의향이 있다. 마르티네스가 루카쿠와 함께 뛴다면 새로운 리그에 적응하는 데 도움이 될 것이다""라고 언급했다.한편 첼시는 올여름 3~6명의 선수 영입에 나서려고 한다. 공격수뿐만 아니라 적어도 한 명 이상의 미드필더를 원한다.이민재 기자구독구독자3,646응원수1,808안녕하세요 스포티비뉴스 이민재 기자입니다.'임대 대신 완전 이적으로' 맨유 떠난다…""토트넘 제안 없었다""'아자르처럼'…레알 마드리드로 향하게 될까 ""846억에 매각한다""손흥민, 이강인, 김민재 활약상 보러가기▶스포티비뉴스 엔터팀 신입·경력 기자 채용 알림",1,https://sports.news.naver.com/news?oid=477&aid=0000433962
2023.06.12,"'4이닝 퍼펙트→QS 승리' 대표팀 투수, 왜 ""죄책감 느꼈다"" 했을까","[OSEN=잠실, 한용섭 기자] 두산 투수 곽빈이 11일 만에 복귀전에서 QS 피칭으로 승리를 따냈다. 곽빈은 11일 잠실구장에서 열린 KIA와의 경기에 선발 투수로 등판했다. 최근 허리 통증으로 1군 엔트리에서 말소돼 열흘 휴식 후 복귀였다. 6이닝 동안 3피안타 2볼넷 2실점으로 호투했다. 충분한 휴식을 한 곽빈은 4회까지 KIA 타선을 퍼펙트로 압도했다. 1회 류지혁은 1루수 직선타 아웃, 고종욱은 유격수 땅볼, 소크라테스는 유격수 뜬공으로 아웃됐다. 2회 최형우는 1루수 땅볼, 김선빈은 중견수 뜬공, 이우성은 3루수 땅볼. 3회 변우혁과 신범수는 연거푸 우익수 뜬공 아웃. 2사 후 박찬호는 중견수 뜬공 아웃. 4회 선두타자 류지혁이 몸쪽 공을 때린 것이 다소 먹혔지만 2루 베이스 뒤쪽으로 날아갔다. 2루수 이유찬이 재빨리 달려가 다이빙캐치로 잡아냈다. 슈퍼 캐치였다. 고종욱은 3루수 뜬공, 소크라테스 타구는 1루수 땅볼로 아웃됐다.5회 1사 후 김선빈을 볼넷으로 내보내 퍼펙트는 깨졌다. 이우성을 삼진으로 잡아 2사 1루, 이후 변우혁에게 중전 안타를 맞으며 노히트도 무산됐다. 주자들이 출루하면서 투구 밸런스가 흔들렸다. 2사 1,2루에서 신범수를 볼넷을 내보내 만루가 됐다. 곽빈은 경기 후 ""요즘 셋포지션에서 계속 안 좋았다. 너무 의식했다. 셋포지션이 안 좋은데 어떡하지 하다가 그 상황에 맞닥뜨리니까 밸런스가 안 잡혀서 내 공을 못 때렸던 것 같다""고 말했다. 결국 박찬호에게 2타점 좌전 적시타를 맞아 3-2로 추격 당했다. 2사 1,2루에서 류지혁을 좌익수 뜬공으로 리드는 지켜냈다. 6회도 위기였다. 2아웃을 잡고서 최형우에게 좌측 담장을 맞고 나오는 2루타를 허용했다. 비디오판독 결과 펜스 위 노란색 바를 맞고 그라운드로 들어왔다. 조금만 더 높았더라면 홈런이 됐을 타구였다. 경기 후 곽빈은 ""그냥 플라이인줄 알고 들어오려다가 갑자기 이상한 소리가 들리길래 처음에는 넘어간 줄 알았다. 그런데 엊그게 소크라테스 타구도 그렇고 의자에 맞고는 튀어나올 수 없기 때문에 2루타라고 생각했다""고 말했다. 2사 2루에서 김선빈이 좌익수 뜬공으로 아웃됐다. 곽빈은 경기 후 ""허리는 괜찮다""고 말하며 ""허리가 안 좋은 것이 혹시 투구폼 문제인가 걱정도 됐다. 2군에 가서 김상진 코치님과 권명철 코치님께 다리가 크로스가 좀 많이 된다고 물어봤다. 교정 방법을 부탁해서 계속 1대1로 봐주시면서 잘 된 것 같다""고 말했다. 이어 ""너무 죄책감 들었고요. 선발 투수가 이렇게 많이 자리를 비우면 내 자리도 뺏길 수 있을 뿐더러 팀도 손해고 나도 손해다. 이번에 올라왔을 때는 정말 각오와 다짐을 하고 올라왔다""고 말했다. /orange@osen.co.kr한용섭 기자구독구독자6,013응원수1,048OSEN 한용섭 기자입니다.‘아웃→세이프’ 비디오판독으로 득점 번복, 강승호 “늦겠다 싶어 왼손을 뺐고, 세이프로 확신했다”'스퀴즈 번트 작전까지...' 이승엽 감독 ""연패가 길어질 수 있는 중요한 경기...모든 선수들이 승리 의지를 보여줬다""블핑도 나온다 'OSEN 연예'류현진을 직캠으로? 'OSEN' TV",1,https://sports.news.naver.com/news?oid=109&aid=0004868234
2023.06.12,"""뭉클하네요"" 현실이 된 강민호의 예언…삼성 이적 후 처음→14년만의 끝내기포 '손맛' [인터뷰]","[대구=스포츠조선 김영록 기자] ""(딸)하이야! 아빠가 홈런 치고 온다 그랬잖아!""KBO 최고의 홈런 카운슬러가 탄생한 걸까. 팀동료들의 부활을 이끌어내더니, '답내친(답답하니 내가 친다)'까지 시전했다.삼성 라이온즈 강민호(38)가 그 주인공이다. 강민호는 11일 대구 삼성라이온즈파크에서 열린 롯데 자이언츠와의 시즌 6차전에서 4-4로 맞선 연장 10회말 롯데 김도규를 상대로 좌월 끝내기 투런포를 작렬, 팀 승리를 이끌었다.전날 홈런 2개를 쏘아올린 오재일은 ""(강)민호 형이 3분 정도 토스배팅을 해줬는데, 거짓말처럼 홈런이 나왔다. '입금하라'고 하던데""라며 웃었다. 신예 김현준도 ""민호 선배님이 여러가지 조언을 해주셨다. 덕분에 어제 잘쳤다""면서 감사를 표했다.김현준은 이날도 3-2로 앞서는 역전타와 4-4를 만드는 동점타를 치며 맹활약을 펼쳤지만, 오재일은 4타수 무안타에 그쳤다. 그러자 답답했던 걸까. 강민호는 직접 끝내기 투런포를 치며 자신의 영험함을 증명했다.경기 후 만난 강민호는 ""경기 막판에 (김)재성이랑 '찬스 나한테 올 거 같은데, 내가 끝내보고 싶다'는 얘길 했는데…현실이 됐다. 특히 기분이 좋다""며 활짝 미소지었다.강민호로선 2018년 삼성 이적 후 첫 끝내기포다. 롯데 시절인 2009년 6월 19일 부산 KIA 타이거즈전 이후 통산 두번째다. 그 역시 ""끝내기 홈런은 삼성 온뒤로 처음""이라며 기뻐했다.""쉽게 승부하지 않을 거다, 직구보다는 변화구로 승부하겠다 생각했다. 한가운데로 몰린 공이 와서 '이거다' 하고 놓치지 않고 쳤다.""삼성이 7회말 3-2 뒤집기에 성공했고, 마무리 오승환이 9회말 투아웃까지 잡으면서 강민호는 아이들과 함께 퇴근할 준비를 했다고. 강민호는 ""그때 이겼으면 좋았겠지만, 이렇게 끝내기로 이기고 나니 팀 분위기도 더 좋아지지 않을까""라며 웃었다.""아직 경기가 많이 남았다. 앞으로가 더 중요하지 않나. (오)재일이, 피렐라와 힘을 합쳐 좀더 순위싸움에 끼어들 수 있게 노력하겠다.""오재일과 김현준에게 전수한 비결은 뭘까. 강민호는 ""연습 배팅하는 모습을 항상 본다. 치는 모습이 평소랑 좀 다른 것 같아 '이런 느낌으로 쳐보면 어떨까' 얘기해줬을 뿐이다. 운이 좋았다""며 멋쩍어했다.""어제(8회말 롯데) 투수 교체할 때 내가 2루에 있었다. 팬들이 뜨겁게 응원을 해주시는데 좀 뭉클했다. '아 야구를 좀더 잘해야겠다. 야구를 사랑하는 사람이 진짜 많구나. 책임감을 갖고 열심히 해야겠다'는 생각을 했다. 팬분들께 정말 감사드린다.""김영록 기자구독구독자4,776응원수6,274스포츠조선 김영록 기자입니다.'병장' 최채흥, 상무 전역과 함께 바로 1군행 확정…13일 LG전 선발 출격 [대구포커스]""자신감+여유 생겼다"" 20세 대형 유격수!…레전드도 한목소리 칭찬 [대구핫피플]",0,https://sports.news.naver.com/news?oid=076&aid=0004018066
2023.06.12,"'임대 대신 완전 이적으로' 맨유 떠난다…""토트넘 제안 없었다""","[스포티비뉴스=이민재 기자] 맨체스터 유나이티드의 해리 매과이어(30)가 올여름 팀을 떠날까.영국 매체 '데일리 메일'은 11일(한국시간) ""뉴캐슬 유나이티드는 매과이어의 임대 영입을 원한다""라며 ""그러나 맨유는 임대가 아닌 완전 이적으로 떠나보내는 것에 관심이 있다""라고 보도했다.이어 ""매과이어는 올여름 맨유를 떠날 것으로 보인다. 여러 구단이 관심을 보이고 있다""라고 덧붙였다.또한 ""뉴캐슬은 매과이어를 원하지만 임대 거래에 관심이 있다""라며 ""토트넘은 해리 케인이 클럽에 남도록 설득하기 위해 매과이어를 데려오길 원한다. 그러나 아직 구체적인 제안은 없었다""라고 전했다.이 매체는 ""아스톤 빌라는 다음 시즌 유럽축구연맹(UEFA) 유로파 콘퍼런스리그에 출전한다. 수비수 보강을 위해 상황을 지켜보고 있다""라며 ""레스터시티 역시 매과이어를 데려오길 원했다. 그러나 강등으로 인해 매과이어 영입은 무산됐다""라고 밝혔다.매과이어는 4년 전 맨유가 이적료 8000만 파운드(약 1301억 원)를 주고 영입한 센터백이다. 잉글랜드 대표팀 주전 센터백으로 맨유 수비 에이스 임무를 맡겼다.하지만 기대에 한참 미치지 못했다. 잦은 실수로 실점의 빌미가 됐고 잔 부상도 많았다. 에릭 텐 하흐 감독 부임 후엔 주전 경쟁에서도 밀렸다.올 시즌 매과이어는 총 31경기에 나섰다. 프리미어리그 16경기 중 단 8경기만 선발로 출전했다. 팀에서 거의 영향력이 없다고 봐도 무방하다.매과이어는 더 많은 출전 기회를 원한다. 그의 이적 루머가 나온 이유다. 영국 매체 '팀 토크'에 따르면 맨유는 매과이어 몸값으로 4000만 파운드(약 650억 원)를 책정했다.맨유는 매과이어와 결별을 원한다. 그러나 쉽지 않을 전망이다. 이 매체는 ""매과이어는 맨유에 남길 원한다. 주급 20만 파운드(약 3억 원)는 그가 이적하는 데 걸림돌이 될 수 있다""라며 ""맨유는 김민재(나폴리)를 영입하기 위해 매과이어를 떠나보내려고 한다""라고 언급했다.이민재 기자구독구독자3,646응원수1,808안녕하세요 스포티비뉴스 이민재 기자입니다.'아자르처럼'…레알 마드리드로 향하게 될까 ""846억에 매각한다""토트넘 떠나고 밑바닥까지 추락…""인간이 먼저 되길"" 전 소속팀 회장의 비판손흥민, 이강인, 김민재 활약상 보러가기▶스포티비뉴스 엔터팀 신입·경력 기자 채용 알림",0,https://sports.news.naver.com/news?oid=477&aid=0000433969
2023.06.12,"""저는 아이스크림 사 먹을 1600원도 없었습니다""","[마이데일리 = 최용재 기자]잉글랜드 프리미어리그(EPL) 맨체스터 시티가 유럽의 '왕'이 됐다.맨시티는 11일 튀르키예 이스탄불에 위치한 아타튀르크 올림픽 스타디움에서 펼쳐진 2022-23시즌 유럽축구연맹(UEFA) 챔피언스리그(UCL) 결승전 인터 밀란과 경기에서 1-0 승리를 거뒀다.맨시티 구단 역사상 첫 번째 UCL 우승이다. 그리고 구단 역사상 최초의 트레블을 완성했다. 맨시티는 EPL과 FA컵, UCL까지 정복했다. 1999년 맨체스터 유나이티드 이후 잉글랜드 역대 두 번째 영광이었다.경기 후 많은 선수들이 승리 소감을 밝힌 가운데 카일 워커의 발언이 눈길을 끌었다. 그는 후반 막판 교체 투입되며 트레블의 영광을 함께 했다.워커는 경기 후 영국 'BT Sport'를 통해 트레블의 영광을 믿을 수 없는 일이라고 했다. 그는 너무나 가혹한 어린 시절을 보냈다. 가난해서 모든 가족들이 힘든 삶을 살았다. 그렇지만 가족들은 버티고 버텼다. 그리고 지금 트레블의 영광을 누리고 있다. 때문에 워커는 가족에 대한 고마움을 표현했다.워커는 ""내가 말문이 막히는 경우는 거의 없다. 그런데 지금 그렇다. 이 클럽에서 트레블을 달성하는 것이 나의 꿈이었다. 지금 트레블을 달성했다. 정말 믿을 수 없다""며 감동했다.이어 그는 ""이 클럽은 나에게 매우 중요하다. 나에게 경험을 줬다. 내 꿈도 이루게 해줬다. 나는 맨시티에 영원히 빚을 지고 있는 것""이라고 덧붙였다.마지막으로 워커는 가족들을 떠올렸다.그는 ""감정이 복받친다. 나는 지금 꿈을 꾸고 있는 것 같다. 아버지와 어머니가 관중석에 계신다. 어렸을 때 아이스크림 1개 살 돈인 1파운드(1600원)가 없었던 때가 기억이 난다. 이렇게 부모님과 함께 할 수 있어서 너무나 감사드린다""고 말했다.[카일 워커. 사진 = 게티이미지코리아]()최용재 기자구독구독자1,313응원수560안녕하세요. 최용재 기자입니다.'충격' 맨유 '김민재 영입 실패 시나리오' 짰다…뉴캐슬 '하이재킹' 대비""미국인은 축구에 대해 아무것도 몰라!""…말디니 경질에 구단주 '맹비난'한 FW",0,https://sports.news.naver.com/news?oid=117&aid=0003738626
2023.06.12,"‘아! 또 홈런에 당하다니…’ 롯데, 삼성에 연장 10회 끝내기 홈런 4-6 패…23일 만에 4위로","삼성 강민호에 10회 끝내기 투런포 허용 4-69회 추격 타점·10회 역전 홈런 불구 쓰린 패배두 경기 연속 삼성에 홈런 내주며 발목롯데 자이언츠가 또 한 번 사자 군단의 홈런에 눌려 경기를 내주고 말았다. 롯데는 삼성 라이온즈와의 원정 3연전에서 1승 2패, 루징 시리즈를 기록하고 사직으로 돌아오게 됐다.롯데는 11일 대구 삼성 라이온즈파크에서 열린 2023 신한은행 SOL KBO 리그 삼성과의 시즌 6차전 경기에서 4-6으로 끝내기 패배를 당하고 말았다. 롯데는 9일 원정 첫 경기에서 기분 좋게 승리(5-1)했지만, 10일·11일 경기를 연이어 내주며 1승 2패를 기록했다.롯데는 이날 선취점을 얻어낸 데 이어 9회 추격 타점, 10회 역전 타점을 생산하며 기세를 끌어올렸지만, 10회 말 삼성 포수 강민호에게 통한의 끝내기 투런 홈런을 내주며 패했다. 롯데는 삼성에 2연패를 당하며, 같은 날 SSG 랜더스에게 스윕승을 거둔 NC 다이노스에게 3위 자리를 내주고 말았다. 롯데는 지난달 20일 이후 23일 만에 4위로 한 계단 내려왔다.롯데 선발 박세웅은 항저우 아시안게임 24인 명단에 이름을 올린 뒤 나선 첫 경기에 호투를 펼쳤다. 박세웅은 1회부터 배짱 있는 투구와 정확한 제구로 삼성 타자들을 연이어 돌려세웠다. 박세웅은 1회 삼성 타자 3명을 외야 뜬공 하나와 땅볼 2개로 마무리하며 순조롭게 출발했다. 박세웅은 6회까지 단 3개의 안타만 내주며 삼성 타자들을 잠재웠다.박세웅의 호투에 타자들도 응답했다. 타자들은 6회 초 선취점을 뽑아내며 경기의 주도권을 가지고 왔다. 롯데는 6회 선두 타자 황성빈이 삼성 선발 백정현을 상대로 빠른 발로 내야 안타를 만들어 내며 출루에 성공했다. 롯데는 김민석의 희생번트로 1사 2루 득점 기회를 만들었다. 2번 타자 전준우는 중견수 앞 안타로 황성빈을 홈으로 불러들이며 선취 타점을 따냈다. 전준우는 달아오른 타격감으로 4경기 연속 타점에 성공했다.이어 렉스가 2루타를 쳐냈고, 후속 타자 윤동희가 외야 희생타를 성공시키며 전준우는 홈으로 들어왔다. 롯데는 2-0으로 앞서갔다.박세웅은 6회까지 단 한 개의 볼넷도 허용하지 않았다. 하지만 7회 말 박세웅은 흔들렸다. 박세웅은 오재일과 김태군을 땅볼로 처리하며 2아웃을 잡아냈다. 박세웅은 7번 타자 이재현과 8번 대타 김동엽에게 연속 볼넷을 내주며 2사 1·2루 실점 위기를 맞이했다. 박세웅은 6회까지 완벽한 투구를 펼쳤지만, 아쉬운 볼넷 두 개로 주자를 2명 남겨두고 마운드를 내려갔다.롯데 배영수 투수 코치는 박세웅을 마운드에서 내리고 구승민을 올렸다. 구승민 역시 9번 타자 김호재에게 볼넷을 내주고 말았다. 롯데는 2사 만루 상황에서 1번 김지찬에게 2타점 적시타를 내주며 동점을 허용하고 말았다. 이어 김현준에게 1타점 적시타를 내주며 2-3, 점수가 뒤집어졌다.롯데 올 시즌 달라진 기세를 9회 초 발휘했다. 롯데는 삼성 마무리 오승환을 공략하는 데 성공했다. 롯데는 윤동희와 안치홍이 아웃으로 물러나며 1아웃을 남겨뒀다. 롯데 래리 서튼 감독은 대타 작전을 펼쳤다. 서튼 감독은 유강남 대신 고승민을 투입했다. 고승민은 서튼 감독의 요청에 응답했다. 고승민은 2루수 옆을 빠져나가는 안타로 공격 포문을 열었다. 이어 7번 타자 박승욱 역시 중견수 앞 안타를 쳐내며 2사 1·3루 득점 상황을 맞이했다.서튼 감독은 김민수 자리에 베테랑 정훈을 다시 한번 대타로 투입했다. 정훈 역시 1타점 적시타를 성공하며 롯데는 3-3 동점을 만들어냈다. 황성빈이 내야 안타로 출루하며 롯데는 2사 만루, 역전 기회를 맞이했다. 하지만 김민석이 오승환에게 삼진을 당하며 롯데는 동점에 만족했다.롯데는 8회에 이어 김원중이 마운드에 올랐다. 김원중은 김태군 타석에서 스트라이크 하나를 던진 뒤 갑작스레 마운드를 내려갔다. 롯데는 김원중에게서 등 근육이 경직되는 현상을 확인하고 선수 보호 차원에서 투수 교체를 결정했다. 롯데는 김도규를 마운드에 올렸다. 김도규는 첫 타자 김태군과 이재현을 연속으로 삼진 처리했다. 김도규는 이성규도 2루수 앞 땅볼로 처리하며 경기를 연장으로 끌고 갔다.롯데는 10회 초 ‘4번 타자’ 윤동희가 나섰다. 윤동희는 10회 2아웃 상황에서 삼성 5번째 투수 홍정우의 공을 잡아당겨 역전 솔로 홈런을 터뜨렸다. 윤동희는 프로 첫 홈런을 쳐내며 자신의 존재감을 서튼 감독에게 각인시켰다.롯데는 4-3, 1점 앞선 상황에서 10회 말 수비에 들어갔다. 9회에 이어 마운드에 오른 김도규는 9번 타자 김영웅에게 좌중간을 가르는 2루타를 허용했다. 삼성은 이어 희생 번트를 시도해 1사 3루 상황을 만들며 역전을 시도했다. 롯데 김도규는 2번 타자 김현준에게 아쉽게 안타를 내주며 4-4 동점을 허용하고 말았다.롯데는 삼성 포수 강민호에게 끝내기 투런 홈런을 내주고 말았다. 강민호는 김도규의 슬라이더를 잡아당겨 끝내기 홈런을 쳐냈다. 결국 롯데는 삼성에 4-6으로 끝내기 패를 당하고 말았다.롯데로서는 동점·역전을 만들어내며 기세를 끌어올렸지만, 10일 경기에 이어 두 경기 연속으로 삼성의 홈런에 울며 2연패를 당하고 말았다.롯데는 이날 SSG에 승리한 NC에게 3위 자리를 내주고 말았다.김한수 기자구독구독자1,314응원수542흔들림 없이 관찰하고 기록하겠습니다.'사직 아이돌’ 롯데 윤동희, 프로 첫 홈런 발사…4번 타자 가능성 증명했다“아마 최강자는 바로 나” 밀러배 부산일보 골프대회 15일 개최부산에 가면 뭐 먹지? 현지인 찐 맛집 '부슐랭''부산 하면 이거지' 댓글 남기고 호텔·요트 GoGo ▶ 응모하기",0,https://sports.news.naver.com/news?oid=082&aid=0001216610
2023.06.12,"‘이정후 4안타 6출루+임병욱 3안타 1홈런’ 키움, 18안타 대폭발…KT 잡고 8위 탈환 [수원 리뷰]","[OSEN=수원, 길준영 기자] 키움 히어로즈가 2연승을 달리며 주말 3연전 위닝시리즈를 가져갔다. 키움은 11일 수원 KT위즈파크에서 열린 ‘2023 신한은행 SOL KBO리그’ KT 위즈와의 경기에서 14-5로 승리했다. 이날 승리로 2연승을 달리며 위닝시리즈를 달성한 키움(25승 1무 34패)은 KT(22승 2무 32패)를 제치고 8위로 올라섰다. 키움 타선은 18안타를 몰아치며 승리를 견인했다. 이정후는 4타수 4안타 3타점 3득점 2볼넷으로 활약했다. 14경기 연속 안타를 이어가며 시즌 처음으로 3할 타율을 돌파했다. 시즌 4호 홈런을 쏘아올린 임병욱은 5타수 3안타 1홈런 4타점 1득점으로 뜨거운 타격감을 과시했다. 이형종도 멀티히트와 함께 5타점을 쓸어담았다.선발투수 장재영은 3이닝 2피안타 2볼넷 2탈삼진 무실점을 기록했다. 이명종(2이닝 무실점)-양현(1이닝 2실점)-원종현(1이닝 2실점)-김성진(1이닝 무실점)-김선기(1이닝 1실점)으로 이어지는 불펜진은 승리를 지켰다. KT는 이날 패배로 2연패에 빠졌다. 감기에 걸린 고영표를 대신해 임시 선발투수로 나선 주권이 1이닝 3피안타 3볼넷 1탈삼진 5실점 패전으로 무너지며 경기를 내줬다. 타선에서는 박병호가 멀티히트와 함께 시즌 5호 홈런을 쏘아올렸고 황재균은 3안타 경기를 했다. 앤서니 알포드, 문상철도 멀티히트를 기록했지만 경기 흐름을 바꾸지는 못했다. 키움은 1회부터 KT를 강하게 몰아붙였다. 김준완 안타, 김혜성 안타, 이정후 볼넷, 이형종 밀어내기 볼넷, 송성문 1타점 진루타, 이지영 볼넷, 임병욱 2타점 2루타, 김휘집 1타점 희생플라이로 무려 5점을 뽑았다. 2회에도 이정후가 볼넷과 폭투로 2루까지 들어갔고 이형종이 1타점 2루타를 날리며 6-0을 만들었다. KT는 5회 강현우 안타, 배정대 내야안타, 김민혁 안타로 1사 만루 찬스를 잡았다. 하지만 장준원이 삼진으로 물러났고 앤서니 알포드가 투수 땅볼을 치면서 기회를 살리지 못했다. 하지만 6회에는 박병호 안타, 문상철 안타, 황재균 내야안타로 무사 만루 찬스를 맞이했고 이호연의 1타점 희생플라이와 강현우의 볼넷에 이어서 배정대의 1타점 진루타가 나와 2점을 만회했다. 추격을 시작한 KT는 7회 장준원의 안타에 이어서 박병호가 투런홈런을 터뜨리며 4-8까지 따라붙었다. 키움은 8회 김준완과 김혜성이 연속안타를 날리며 1사 1, 2루 찬스를 만들었다. 이정후는 1타점 2루타를 터뜨렸고 이형종이 1타점 희생플라이를 날리며 다시 10-4로 점수차를 벌렸다. 9회에는 임병욱의 투런홈런에 이어서 이정후가 2타점 적시타를 날리며 승부에 쐐기를 박았다.KT는 9회 이상호의 안타와 황재균의 2루타로 1사 2, 3루 찬스를 만들었다. 장성우는 1타점 진루타로 한 점을 뽑았지만 더 이상은 추격하지 못했다./fpdlsl72556@osen.co.kr길준영 기자구독구독자4,823응원수1,441예측만하면 반대로 가는 길준영 기자입니다. 문어보다는 나은 기자가 되도록 노력하겠습니다.‘시즌 첫 3할 돌파’ 이정후의 자신감 “어차피 그냥 지나칠 타율, 의미 부여하고 싶지 않다” [수원 톡톡]‘154km+3이닝 무실점 호투’ 장재영, 8-0 리드에도 얻지 못한 데뷔 첫 승 기회 [오!쎈 수원]블핑도 나온다 'OSEN 연예'류현진을 직캠으로? 'OSEN' TV",0,https://sports.news.naver.com/news?oid=109&aid=0004868143
2023.06.12,"[k1.interview] '어쩌면 마지막 홈경기' 황의조, ""거취? 아직 들은 것이 없다""","[포포투=정지훈(상암)]어쩌면 마지막 홈경기다. 황의조가 전매특허인 감아 차기로 득점을 만든 후 경기장을 돌며 팬들에게 인사를 했다. 그러나 황의조의 거취는 여전히 정해진 것이 없다.FC서울과 포항 스틸러스는 11일 오후 6시 서울월드컵경기장에서 열린 '하나원큐 K리그 1 2023' 18라운드에서 1-1 무승부를 기록했다. 이날 무승부로 포항은 서울전 8경기 무승(4무 4패)의 징크스를 이어가기는 했지만 원정에서 귀중한 승점 1점을 따내며 2위를 유지했다. 반면, 서울은 후반 추가시간 동점골을 허용하며 다 잡은 경기를 놓쳤다.서울이 전체적인 주도권을 잡으며 전반에만 8개의 슈팅을 기록했다. 이 중심에는 황의조가 있었다. 전반 2분과 16분 황의조가 슈팅 찬스를 잡으며 예열을 마쳤고, 결국 서울이 선제골을 기록했다. 전반 37분 임상협의 패스를 받은 황의조가 아크 좌측에서 오른발로 감았고, 이것이 환상적인 궤적을 그리며 골문 구석으로 빨려 들어갔다.환상적인 득점이자, 황의조의 전매특허인 감아 차기였다. 특히 황의조는 지난 주중에 열린 인천전에 이어 이번 포항전에서도 감아 차기로 2경기 연속골을 성공시켰고, 리그 17경기에 나서 4골 2도움을 기록하게 됐다.공격 포인트 이상의 뭔가가 있었다. 안익수 감독은 ""물론 이번 시즌 득점이 잘 터지지 않아 늦은 감도 있었지만 황의조는 항상 다방면으로 FC서울 발전에 기여하는 선수다""라면서 ""황의조의 행보는 항상 멋지다. 의조는 그동안 멋졌고 앞으로도 멋질 것이다""라며 믿음을 드러내기도 했다.결국 스승의 믿음에 보답한 황의조다. 황의조는 이날 풀타임 활약하며 서울의 최전방에서 고군분투했고, 2경기 연속골을 기록했다. 비록 경기 종료 직전 동점골을 허용해 승리를 따내지는 못했지만 황의조는 충분히 인상적이었고, 경기 후에는 그라운드를 돌며 서울 팬들과 인사를 나눴다.어쩌면 마지막 홈경기. 그러나 황의조는 확답하지 않았다. 경기 후 황의조는 ""마지막 홈경기가 될 수 있는 경기여서 더 많이 준비했는데, 개인적으로 아쉬웠다. 선수들이 잘해줬기 때문에 90분 동안 잘 버틴 것이라고 생각한다. 선수들에게 수고했다는 말을 하고 싶다""면서도 거취에 대해서는 ""똑같다. 들은 바가 없다. 이야기할 수 있는 상황이 아니다. 아는 것이 없다""며 말을 아꼈다.[FC서울 황의조 인터뷰]-경기 소감일단은 너무 아쉽다. 90분까지 잘 버텼고, 한 번만 버텼으면 승리할 수 있었다. 승점 3점이 1점으로 바뀌어서 아쉽다. 그래도 버틸 수 있는 힘이 된 것은 긍정적이다.-컨디션 회복최대한 슈팅 찬스가 나오면 가져가려고 노력했다. 잘 맞아서 잘 들어갔기 때문에 만족하지만 우리 팀이 승리하는 것이 더 중요하다. 골 넣은 것은 기분 좋지만 비긴 것은 아쉽다. 컨디션은 많이 좋아진 것 같다. 경기 감각도 올라왔다. 긍정적으로 생각하고 있다. A매치 치르고, 더 좋은 모습 보여주고 싶다.-안익수 감독의 아쉬움감독님과 미팅을 하지 못했지만 당연히 아쉬우실 것이다. A매치 기간 동안 우리 팀이 잘 정비해서 슈퍼매치를 잘 준비해서 승리해야 한다.-좌측면과 최전방을 오가며 찬스를 만들었는데?상대가 맨투맨으로 붙는 스타일이라서, 윙어들이 안쪽으로 침투하는 상황을 많이 만들었다. 득점 만족하지만 빌드업과 패스에서는 세밀함이 부족했다. 세밀함이 더해져야 더 많은 찬스를 만들 수 있다.-조규성 득점포대표팀은 항상 경쟁이 있다고 생각한다. 어떤 공격수든 들어올 수 있다. 제가 가진 것을 보여줘야 하고, 현규와 규성이도 장점을 보여줘야 한다.-아쉬움 표현마지막 홈경기가 될 수 있는 경기여서 더 많이 준비했는데, 개인적으로 아쉬웠다. 선수들이 잘해줬기 때문에 90분 동안 잘 버틴 것이라고 생각한다. 선수들에게 수고했다는 말을 하고 싶다.-거취똑같다. 들은 바가 없다. 이야기할 수 있는 상황이 아니다. 아는 것이 없다. 정지훈 기자구독구독자1,715응원수526포포투 코리아 정지훈 편집장입니다. 양질의 유럽 축구 콘텐츠를 재미있게 전달하겠습니다.[if.review] 펩이 메시 다음 믿는 선수는 로드리, '단일 시즌 최다 선발 2위'[if.preview] '승점 1점차' 5위 대전과 6위 광주, A매치 휴식기 앞두고 웃을 팀은?",0,https://sports.news.naver.com/news?oid=411&aid=0000029840
2023.06.12,"[U20월드컵] '주가 상승' 배준호 ""3·4위는 천지 차이…메달 가져갈게요""","""몸 상태·체력 많이 올라와…골 넣을 때 된 것 같아""밝은 표정으로 취재진 질문 답하는 배준호(라플라타=연합뉴스) 임화영 기자 = 10일(현지시간) 오후 아르헨티나 라플라타 에스탄시아 치카 훈련장에서 2023 국제축구연맹(FIFA) 20세 이하(U-20) 월드컵 대한민국 대표팀 배준호가 훈련에 앞서 취재진의 질문에 답하고 있다. 2023.6.11 hwayoung7@yna.co.kr(라플라타[아르헨티나]=연합뉴스) 최송아 기자 = ""'여기까지 왔는데 4위를 하면 너무 아쉽지 않냐'고 서로 얘기하며 뭉치고 있어요.""2023 국제축구연맹(FIFA) 20세 이하(U-20) 월드컵에 출전 중인 김은중호에서 에이스의 존재감을 떨치는 배준호(대전)가 이스라엘과의 마지막 한 판을 자신의 무대로 만들겠다는 의지를 다지고 있다.이스라엘과의 3·4위전을 하루 앞둔 10일(현지시간) 아르헨티나 라플라타의 대표팀 훈련장에서 만난 배준호는 ""몸 상태가 많이 괜찮아지고 체력도 많이 올라와 경기력으로도 나타나는 것 같다. 다음 경기도 잘할 수 있을 것 같다""고 자신감을 드러냈다.김은중호의 측면 공격을 책임지는 배준호는 이번 대회를 통해 가장 크게 주가를 끌어 올리고 있는 선수다.초반 부상으로 경기에 나서지 못할 때도 있었으나 점차 몸 상태를 끌어 올리며 진가를 드러내기 시작했고, 특히 이탈리아와의 준결승전 때 1-2 패배 속에서도 화려한 개인기를 뽐내며 팬들은 물론 상대 감독으로부터도 찬사를 받았다.배준호 '공과 한 몸'(라플라타=연합뉴스) 임화영 기자 = 10일(현지시간) 오후 아르헨티나 라플라타 에스탄시아 치카 훈련장에서 2023 국제축구연맹(FIFA) 20세 이하(U-20) 월드컵 대한민국 대표팀 배준호가 훈련하고 있다. 2023.6.11 hwayoung7@yna.co.kr배준호는 ""이탈리아전 때 한국 팬들도 정말 많이 오셨고, 플레이 하나에 박수를 많이 보내주셨다. 무척 감사했고, 경기를 치르며 자신감이 많이 올라왔다""고 귀띔했다.이탈리아전 이후 부쩍 커진 관심에 대해선 ""확 와닿진 않지만, 팬이나 지인들이 연락해주셔서 조금씩은 느끼고 있다""며 미소 지었다.한국시간 12일 오전 2시 30분부터 라플라타 스타디움에서 열릴 이스라엘과의 3·4위전은 배준호에겐 이런 분위기를 정점으로 만들고 동료들과 웃으며 대회를 마칠 기회다.배준호는 ""3위와 4위는 너무 차이가 난다. 당연히 3위 욕심이 난다. 선수들끼리도 '여기까지 왔는데 4위를 하면 너무 아쉽지 않냐. 메달이라도 들고 가야 하지 않냐'며 하나로 뭉쳐서 잘 준비하고 있다""며 ""목표로 했던 결승에는 진출하지 못했지만, 이번 경기에서 이겨서 메달을 갖고 들어가고 싶다""고 말했다.대화하는 배준호-이승원(라플라타=연합뉴스) 임화영 기자 = 10일(현지시간) 오후 아르헨티나 라플라타 에스탄시아 치카 훈련장에서 2023 국제축구연맹(FIFA) 20세 이하(U-20) 월드컵 대한민국 대표팀 배준호와 이승원이 훈련 도중 대화하고 있다. 2023.6.11 hwayoung7@yna.co.kr3위를 놓고 격돌할 이스라엘은 이번 대회 '돌풍의 팀'이다. 처음 밟은 U-20 월드컵 본선 무대에서 브라질을 비롯한 강호들을 꺾고 4강에 진입할 정도로 만만치 않은 저력을 지녔다.배준호는 ""이스라엘도 우리처럼 조직력이 좋은 팀이라고 생각한다""면서도 ""상대가 어떻게 올라왔든 저희는 당연히 이겨야 하고, 충분히 자신감도 있다""고 강조했다.그는 ""동료들이 많이 힘들어하고 있어서 제가 역습이나 측면 돌파 등에서 해줘야 할 부분이 있을 것 같다""며 ""공격적인 모습을 보여주면서 이젠 득점을 올릴 때가 되지 않았나 생각한다""고 덧붙였다.songa@yna.co.kr최송아 기자구독구독자1,447응원수215[U20월드컵] 김은중호 '라스트 댄스' 결말은…12일 이스라엘과 3·4위전[U20월드컵] 눈물 삼킨 이영준 ""우린 포기 안해…하던 대로 끝까지""(종합)[앱 다운] 빠르고 정확한 연합뉴스를 받아보세요뉴스제보는 연합뉴스 okjebo 톡!",0,https://sports.news.naver.com/news?oid=001&aid=0013994207
2023.06.12,'마라도나-호나우두도 실패했다'→챔스 우승 없는 역대 베스트11,"[마이데일리 = 김종국 기자] 챔피언스리그 우승 트로피가 없는 역대 베스트11이 주목받고 있다.영국 기브미스포르트는 11일(한국시간) 유럽축구연맹(UEFA) 챔피언스리그 우승 트로피가 없는 역대 베스트11을 선정해 소개했다. 역대 최고의 선수 중 한명으로 언급되는 마라도나와 발롱도르를 수상한 수비수 칸나바로 등 챔피언스리그 우승 트로피가 없는 베스트11을 화려한 선수 구성을 자랑했다.챔피언스리그 우승이 없는 역대 베스트11 공격수에는 호나우두(브라질), 이브라히모비치(스웨덴), 아구에로(아르헨티나)가 선정됐다. 미드필더에는 마라도나(아르헨티나), 마테우스(독일), 비에이라(프랑스), 파브레가스(프랑스)가 포진했고 수비진은 칸나바로(이탈리아), 무어(잉글랜드), 튀랑(프랑스)이 구축했다. 골키퍼에는 부폰(이탈리아)이 선정됐다.역대 최고의 선수 중 한명으로 평가받는 마라도나는 나폴리에서 지난 1988-89시즌 UEFA컵 우승을 차지했지만 UEFA 우승트로피는 들어올려보지 못했다. 브라질의 축구황제 호나우두는 두번의 발롱도르 수상과 함께 월드컵, UEFA컵, 프리메라리가 등에서 다양한 우승 트로피를 들어 올렸지만 UEFA 챔피언스리그 우승 트로피는 없었다.지난 1990년 독일의 월드컵 우승 주역으로 활약한 마테우스 역시 발롱도르를 한차례 수상하는 등 화려한 선수 시절을 보냈지만 UEFA 챔피언스리그 우승 트로피는 없다. 수비수로 지난 2006년 발롱도르를 수상했던 칸나바로 역시 UEFA컵 우승은 해봤지만 UEFA 챔피언스리그에선 정상에 오르지 못했다. 이탈리아를 대표하는 골키퍼일 뿐만 아니라 역대 최고의 골키퍼 중 한명으로 평가받는 부폰도 UEFA컵 우승 경험만 있을 뿐 UEFA 챔피언스리그 우승은 해보지 못했다. 부폰은 UEFA 챔피언스리그에서 준우승만 3차례 차지하는 불운을 보였다.한편 맨시티는 11일 열린 인터밀란과의 2022-23시즌 UEFA 챔피언스리그 결승전에서 1-0 승리를 거두며 클럽 역사상 최초로 챔피언스리그 우승에 성공했다. 챔피언스리그에서 가장 많은 우승을 차지한 클럽은 레알 마드리드로 통산 14차례 우승을 차지했다.선수 중 가장 많은 UEFA 챔피언스리그 우승에 성공한 선수는 지난 1950년대와 1960년대 레알 마드리드에서 활약한 헨토(스페인)다. 헨토는 UEFA 챔피언스리그에서 개인 통산 6번 우승을 차지했다.말디니(이탈리아), 호날두(포르투갈)는 챔피언스리그에서 5차례 우승을 차지해 뒤를 이었다. 레알 마드리드에서 전성기를 보낸 벤제마(프랑스), 베일(웨일스), 카세미루(브라질), 모드리치(크로아티아) 등도 UEFA챔피언스리그에서 5번 우승을 차지했다.[마라도나, 호나우두, 부폰. 사진 = 게티이미지코리아]()김종국 기자구독구독자4,092응원수5,131마이데일리 스포츠/축구 담당 김종국 기자입니다.'김민재 영입에 방해된다'→맨유, 역대 최고 이적료 수비수 방출한다하이재킹-수비수 영입설 난립→'맨유, 김민재 영입 원한다' 재확인",0,https://sports.news.naver.com/news?oid=117&aid=0003738658
2023.06.12,"불의의 발목 부상→복귀 후 8푼대였는데…끝내기 패에도 빛난 시즌 첫 3안타, 황보르기니 돌아왔구나","황보르기니가 돌아왔다.롯데 자이언츠 외야수 황성빈은 4월 한 달간 타율 0.353 12안타 3타점 8득점 3도루를 기록하며 맹활약했다. 4월 중순 왼쪽 검지 미세골절 판정을 받아 잠시 빠지기도 했지만, 빠른 회복력과 함께 돌아와 팀의 외야를 든든하게 지켰다.그러나 4월 28일 사직 키움 히어로즈전에서 도루를 하다가 왼발 전거비인대 2도 파열 진단을 받았다. 구단의 지원 속에 일본 이지마 치료원을 다녀오는 등 빠르게 회복하고자 노력했고, 정말로 예상보다 빠르게 회복하며 1군에 합류했다. 5월 30일 잠실 LG 트윈스전을 앞두고 1군 엔트리에 등록됐다.그러나 복귀 후 타격감을 찾지 못했다. 복귀 후 11경기서 타율이 0.083(36타수 3안타)에 머물렀다. 5월 31일 LG전 1안타, 지난 2일 광주 KIA 타이거즈전 2안타를 제외하면 9경기 안타가 없다. 최근에는 7경기 연속 무안타다. 6월 타율 0.071에 머물고 있다.그래서 9일과 10일, 대구 삼성 라이온즈와 주말 시리즈에는 대타로만 나섰다. 대타로서도 존재감을 보이지 못했다. 부상당하기 전 타율이 0.316이었으나, 지금은 0.214까지 떨어진 상황이었다.11일, 대구 삼성전에서 황성빈이 살아났다. 9번타자 겸 좌익수로 나섰다. 전날 패배로 팀 분위기가 가라앉을 수도 있는 상황에서 자신의 장점이 빠른 발과 함께 팀의 분위기 메이커로서 앞장섰다.3회 상대 선발 백정현의 8타자 연속 범타 행진을 깨는 시원한 중전 안타를 기록했다. 안타를 치고 난 후 더그아웃을 향해 주먹을 불끈 쥐는 모습이 인상적이었다.6회에는 애매한 3루쪽 타구를 빠른 발을 활용해 내야 안타로 만들어냈다. 2일 KIA전 이후 첫 멀티히트를 기록했다. 이어 전준우의 중전 안타 때 3루를 돌아 홈을 밟으며 팀의 선취 득점을 만들어냈다.이어 세 번째 타석은 범타로 물러났으나 9회 정훈의 동점타로 타석에 설 기회가 생겼다. 9회 행운의 내야 안타를 만들어내면서 3안타를 쳤다. 황성빈의 3안타 경기는 올 시즌 처음이며, 지난해 9월 16일 키움 히어로즈전 6타수 3안타 이후 처음이다.비록 롯데는 연장 접전 끝에 삼성에 4-6으로 승리를 패했다. 그렇지만 황성빈이 살아난 것은 고무적인 부분. 이날 황성빈은 4타수 3안타 1득점으로 9번타순에서 맹활약했다. 시즌 타율도 0.243까지 끌어올렸다.황보르기니가 살아나고 있다.이정원 기자구독구독자1,798응원수796KK→김태군에게 1구 던진 후 교체, 롯데 장발 클로저가 내려간 이유는? “등 근육 경직, 선수 보호” [MK대구]“자신감 붙었다” 2군서 4할 맹타…지난해 3할 찍고 주춤하던 포스트 이대호, 깨어난다→1군 복귀 카운트다운",0,https://sports.news.naver.com/news?oid=410&aid=0000943143
2023.06.12,"아직은 메시 '8발롱' 유력...발롱도르 파워랭킹 1위 '월드컵 위너' 메시, 2위 '트레블' 홀란드","[포포투=오종헌]리오넬 메시는 여전히 발롱도르 수상 유력 후보다.글로벌 매체 '골닷컴'은 11일(한국시간) ""오는 10월 말 개최되는 발롱도르 시상식을 앞두고 세계 최고의 축구 선수들이 레이스가 막바지에 접어들었다. 월드컵이 2022-23시즌 도중에 열리는 독특한 상황이 연출됐다. 하지만 8월경 투표가 시작되면 이 추억의 다소 희미질 수도 있다""고 보도했다.그러면서 발롱도르 수상 후보 TOP20을 나열했다. 프랑스 축구 잡지 '프랑스 풋볼'의 주관 하에 진행되는 발롱도르는 한 해 최고의 축구선수에게 주어지는 상이다. 하지만 최근 규정이 바뀌었는데, 선수의 평가 기준이 연 단위가 아닌 시즌제로 변경됐다. 따라서 2023 발롱도르는 2022-23시즌이 기준이 된다.이에 2022 국제축구연맹(FIFA) 카타르 월드컵에서의 활약은 이번 발롱도르 선정 기준에 들어간다. 여기에 각 국가 리그 성적과 유럽축구연맹(UEFA) 챔피언스리그(UCL) 등이 평가 항목이 된다. '골닷컴'은 이런 것들을 고려해 예상 순위를 정했고, 1위는 메시였다. 이 매체는 ""메시는 올 시즌 후반기 다소 아쉬운 모습을 보여주면서 개인 통산 8번째 발롱도르를 포기하는 듯한 모습을 보여줬다. 그러나 2022 카타르 월드컵 우승으로 인해 여전히 발롱도르 주인공이 될 가능성이 높다""고 밝혔다.또한 '골닷컴'은 메시는 2022-23시즌 모든 대회를 통틀어 38골 25도움을 기록했고, 월드컵 우승, 프랑스 리그앙 우승 기록을 보유하고 있다고 전했다. 메시는 지금까지 7번이나 발롱도르를 수상하며 역대 최다 수상자에 올라있다. 강력한 경쟁자는 2위 엘링 홀란드다. '골닷컴'은 ""홀란드는 올 시즌 수많은 기록을 새로 썼다. 4월 말 정도에는 발롱도르 수상 가능성 1위가 될 수도 있었다. 그러나 시즌 마지막 8경기에서 단 한 골만 넣었다. 맨시티의 트레블을 달성하는 데 기여했지만 이런 부분들은 이번 발롱도르를 차지하기에는 다소 부족해 보인다""고 평가했다.이 매체에 따르면 홀란드의 올 시즌 기록은 53골 9도움. 그리고 잉글리시 프리미어리그(EPL), UCL, FA컵 우승컵을 갖고 있다. 홀란드는 아직 발롱도르 수상 이력이 없다.이 선수들 외에는 킬리안 음바페, 비니시우스 주니오르, 케빈 더 브라위너, 일카이 귄도안, 빅터 오시멘, 로드리, 로베르트 레반도프스키, 훌리안 알바레스가 상위 10위 안에 포함됐다. 오종헌 기자구독구독자248응원수184안녕하세요, 포포투 오종헌 기자입니다!바이아웃 '350억' 상승? 문제 NO...이강인, 마요르카와 구두 계약→ '250억 이상' 제의 받으면 이적 가능'트레블 선배' 응원 효과...과르디올라 ""경기 전 퍼거슨 문자, 진짜 감동""→EPL 역대 2번째 트레블",0,https://sports.news.naver.com/news?oid=411&aid=0000029839
2023.06.12,"""3위는 우리의 것"" 김은중호, 이스라엘전 출격","00:00 | 01:37자막자막화질 선택 옵션자동[앵커]20세 이하 월드컵에 출전한 축구대표팀이 우리 시간으로 내일(12일) 새벽 2시반 이스라엘과 3·4위 결정전을 치릅니다.대표팀은 마지막 경기만큼은 반드시 승리해 유종의 미를 거두겠다는 각오입니다.백길현 기자입니다.[기자]이스라엘과의 3·4위 전을 앞두고 대회 마지막 담금질에 나선 20세 이하 축구 대표팀.김은중 감독 지시 아래 선수들이 스트레칭과 러닝으로 몸을 풀고 가볍게 패스를 주고받으며 본격적인 훈련에 돌입합니다.최종 결전을 앞둔 선수들의 표정에는 비장함과 유쾌함이 동시에 묻어나옵니다.마지막 상대는 이번 대회 돌풍의 팀 이스라엘.20세 이하 월드컵 첫 출전이지만 8강에서 우승 후보 브라질을 꺾고 4강까지 올라왔습니다.브라질전 결승골 주인공 도르 투르게만 등이 경계 대상으로 이번 대회 8골을 후반과 연장전에서 넣을 정도로 막판 뒷심이 강합니다.게다가 조별리그에서 일본을, 16강전에서 우즈베키스탄을 잡는 등 아시아팀에 강한 면모를 보이고 있습니다.김은중 감독은 이스라엘이 유럽 19세 이하 선수권대회 준우승팀이고 유럽 특유 피지컬도 갖췄다며 경계심을 늦추지 않았습니다.로테이션 없이 풀 전력으로 반드시 승리해, 아시아의 자존심을 세우겠단 각오를 밝혔습니다.마지막 대결이 1970년대로 오래전이긴 하지만 한국은 이스라엘에 7전 3무4패로 한 번도 이기지 못했습니다.하지만 득점 공식 중 하나로 자리잡은 세트피스와 컨디션이 올라온 배준호를 앞세운 공격으로 충분히 잡을 만한 상대란 평가입니다.연합뉴스TV 백길현입니다.연합뉴스TV 기사문의 및 제보 : 카톡/라인 jebo23백길현 기자구독구독자388응원수157'범죄도시 3' 개봉 11일째 700만 돌파…1편 관객수 넘어'살아있는 전설' 조코비치, 프랑스 오픈 결승행…루드와 격돌네이버에서 연합뉴스TV를 구독하세요연합뉴스TV 생방송 만나보기",0,https://sports.news.naver.com/news?oid=422&aid=0000603076
2023.06.12,"'조규성 멀티골' 전북, 강원에 2:1 역전승...5위 점프","조규성이 멀티골을 터뜨렸다. 전북 현대가 승리했다.전북은 11일 춘천송암스포츠타운에서 열린 하나원큐 K리그1 2023 18라운드 원정길에서 강원FC에 2-1로 승리했다.이 승리로 3연승에 성공한 전북은 8승 3무 7패 승점 27점을 기록하며 5위로 올라섰다. 대구와 승점이 같았지만 골득실에서 앞서 5위가 된 것. 반면 연패를 기록한 강원은 2승 6무 10패 승점 12점으로 11위에 머물렀다.전북 승리의 주역은 단연 조규성이었다. 전반을 0-0으로 마친 전북은 후반 1분 자책골을 내주며 0-1로 끌려갔다. 하지만 잠시였다. 후반 13분 조규성의 동점골로 1-1 동점을 전광판에 새겼다.후반 32분에는 조규성이 다시 한 번 진가를 발휘했다. 김진수의 크로스를 다이빙하며 머리로 골을 만들어냈다. 역전 골이었다.서울월드컵경기장에선 FC서울과 포항 스틸러스가 1-1로 동점을 이뤘고, 수원월드컵경기장에서도 수원 삼성과 인천 유나이티드가 0-0으로 승부를 가리지 못했다.강종훈 기자구독구독자329응원수324스포츠타임스 강종훈 기자입니다. 반갑습니다.'멀티 골' 토마스, K리그1 '17라운드 MVP'U-20 월드컵 준결승 거리응원 9일 오전 5시부터 시작'배구의 흐름을 읽는다' 홍성욱의 배구 산책'드라마 리뷰의 정석' 스포츠타임스 in 드라마'",0,https://sports.news.naver.com/news?oid=472&aid=0000027235
2023.06.12,"'챔스 우승' CB 온다!…확 달라지는 토트넘, 'NEW 베스트11' 공개→손·케·쿨 위상은?","(엑스포츠뉴스 나승우 기자) 다음 시즌 토트넘 홋스퍼의 베스트 11이 확 달라질 예정이다.영국 풋볼런던은 10일(한국시간) ""엔지 포스테코글루 감독 체제의 2023/24시즌 토트넘은 4개 포지션에 걸친 대형 이적으로 달라질 것""이라고 전했다.이번 시즌 토트넘은 최악의 성적을 기록했다. 2007/08시즌부터 이어진 무관이 이번 시즌에도 이어진 것은 놀랍지 않지만 리그를 8위라는 형편 없는 성적으로 마치면서 팬들을 실망시켰다.시즌 초반 한 때 리그 2위까지 올랐던 토트넘은 월드컵 휴식 이후 점차 힘이 빠지는 모습을 보였다. 하지만 리그 4위권은 꾸준히 유지하고 있었기에 다음 시즌 UEFA(유럽축구연맹) 챔피언스리그 진출은 가능할 거라는 희망이 있었다.그러나 안토니오 콘테 감독이 성적 부진으로 감독직에서 물러난 후 크리스티안 스텔리니 수석코치가 감독 대행 자리에 올랐고, 성적은 더 추락해 4위권 밖까지 밀려났다.토트넘은 스텔리니마저 경질하고 라이언 메이슨 코치를 내세웠으나 마지막 리그 5경기에서 3패를 기록하며 브라이턴, 애스턴 빌라에 밀려 8위를 기록, UEFA 주관 클럽대항전 진출에 실패했다.토트넘은 스코틀랜드 명문 셀틱을 3관왕으로 이끈 포스테코글루를 새 감독으로 선임하면서 변화의 시작을 알렸다. 다가올 여름 이적시장에서도 전 포지션에 걸쳐 보강을 진행해 전력을 강화할 예정이다.풋볼런던은 먼저 사우디아라비아 혹은 친정팀 니스 이적설과 연결된 골키퍼 위고 요리스를 대신해 다비드 라야(브렌트퍼드)를 데려올 거라고 전망했다. 뛰어난 선방 능력과 발 기술을 자랑하는 라야가 요리스를 대체할 최적의 자원이라고 평가했다.수비에는 이번 시즌 맨체스터 시티에서 챔피언스리그 우승을 경험한 아이메릭 라포르테가 합류할 것으로 예상했다. 펩 과르디올라 감독 눈 밖에 나 후보로 밀린 라포르테는 올 여름 맨시티를 떠날 가능성이 높다.매체는 ""라포르테를 영입할 수만 있다면 토트넘 수비진은 한 단계 더 높은 차원으로 발전할 수 있을 거다. 라포르테 영입을 위해 전력을 다해야 할 것""이라고 전했다.또한 백3 전술이 아닌 백4로 변화하면서 레프트백에 우디네세 임대에서 복귀할 데스티니 우도지, 오른쪽에 페드로 포로가 설 것으로 에상했다.중원에는 이브 비수마가 피에르 에밀 호이비에르, 올리버 스킵과의 경쟁에서 승리해 주전을 차지할 것이라고 봤으며 로드리고 벤탄쿠르, 레스터 시티 플레이메이커 제임스 매디슨이 합류할 것으로 전망했다.마지막으로 공격은 유벤투스에서 임대 중인 데얀 쿨루세브스키를 완전 영입하고, 맨체스터 유나이티드, 레알 마드리드와 연결된 해리 케인을 지켜 손흥민과 함께 3톱 체제를 구축할 거라고 봤다.사진=AP, PA Wire, EPA/연합뉴스나승우 기자구독구독자2,061응원수1,775라이트 팬도 쉽고 재밌게 읽을 수 있는 기사로 다가가겠습니다.SON 경쟁자 늘어난다…토트넘, 맨유 '1200억 FW' 예의주시'무버지' 무리뉴, 황희찬 영입 결정…이적료 '140억'에 로마 가서 세리에A '4호' 되나",1,https://sports.news.naver.com/news?oid=311&aid=0001603098
2023.06.12,"'조규성 멀티골' 전북, 강원에 2-1 역전승…3연승·5위 도약","서울-포항, 수원-인천은 무승부프로축구 K리그1 전북 현대가 조규성의 맹활약을 앞세워 상승세를 이어갔다.전북은 11일 춘천송암스포츠타운에서 열린 하나원큐 K리그1 2023 18라운드 강원FC와 원정 경기에서 조규성의 멀티골로 2-1 역전승을 거뒀다.3연승에 성공한 전북은 승점 27(22득점·골득실+7)을 확보, 대구FC(승점 27·22득점·골득실+1)와 승점과 다득점 동률을 이뤘지만 골득실에 앞서 8위에서 5위로 도약했다.전북이 지난 9일 루마니아 출신 단 페트레스쿠(55) 감독을 신임 사령탑으로 선임하면서 김두현 감독대행은 이 경기를 끝으로 본연의 자리로 돌아가게 됐다.김 감독대행은 8경기 동안 팀을 이끌면서 5승 2무 1패의 호성적을 거둬 전북의 반등을 이끌었다.2연패와 더불어 최근 8경기 무승(2무 6패)의 부진에 빠진 강원은 11위(승점 12)에 머물렀다.전반전을 유리하게 풀어가면서도 강원의 골문을 열지 못했던 전북은 후반 시작과 함께 정태욱의 자책골이 나오는 위기를 맞이했다.강원의 코너킥 상황에서 공이 정태욱의 허벅지에 맞고 그대로 골대 안으로 흘러 들어갔다.불운이 따른 전북은 전반 13분 조규성의 골로 균형을 맞췄다. 역습 상황에서 류재문이 찔러준 공을 조규성이 경합에서 이겨내며 왼발 슈팅으로 연결, 강원의 골망을 흔들었다.조규성은 역전골까지 뽑아내며 이날 경기의 주인공이 됐다. 조규성은 후반 32분 김진수의 크로스를 다이빙 헤더로 연결했다. 공은 강원 수비수 머리를 맞고 굴절되며 골네트를 갈랐다.전북은 후반 35분 갈레고의 프리킥이 골대를 때려 위기를 넘겼고 마지막까지 실점하지 않으면서 경기를 승리로 마쳤다.서울월드컵경기장에서 열린 FC서울과 포항 스틸러스의 맞대결은 1-1 무승부로 끝이났다.서울은 전반 37분 황의조의 그림 같은 감아차기 슈팅으로 리드를 잡았지만 후반 추가 시간 포항 하창래에게 극장골을 내주며 무승부에 만족해야 했다.2, 3위 맞대결에서 나란히 승점 1씩 나눠 가진 포항(승점 31)과 서울(승점 29)은 현재 순위를 유지했다.수원월드컵경기장에서는 수원 삼성과 인천 유나이티드가 득점 없이 0-0으로 경기를 마쳤다.인천은 4승 8무 6패(승점 20)로 9위에 자리했고 수원은 2승 3무 13패(승점 9)로 최하위에 머물렀다.송대성 기자구독구독자763응원수605아이뉴스24 스포츠부에서 축구와 배구를 담당합니다.연장서 극적인 이글…박민지, 셀트리온 퀸즈마스터즈 3연패 달성NC, 초록우산 어린이재단과 'D-NATION DAY' 진행네이버 채널에서 '아이뉴스24'를 구독해주세요.재밌는 아이뉴스TV 영상보기",0,https://sports.news.naver.com/news?oid=031&aid=0000751295
2023.06.12,"생애 첫 만루 홈런, 내친김에 두 방 노렸던 문보경 ""욕심 때문에 결과가…""","[OSEN=대전, 이상학 기자] LG 3루수 문보경(23)이 데뷔 첫 만루 홈런과 7타점 경기로 최고의 하루를 보냈다. 3번의 만루 찬스에서 싹쓸이 2루타와 만루 홈런을 폭발하며 7타점을 쓸어담았다. 문보경은 11일 대전 한화생명이글스파크에서 치러진 2023 신한은행 SOL KBO리그 한화와의 원정경기에 7번타자 3루수로 선발출장, 만루 홈런 포함 4타수 4타수 2안타 7타점 1볼넷으로 맹타를 휘두르며 LG의 13-7 대승을 이끌었다. LG는 3연패를 끊고 1위 SSG를 1.5경기 차이로 추격했다. 1회 첫 타석부터 만루 찬스가 문보경에게 걸렸다. 1점을 선취하며 이어진 2사 만루에서 문보경은 한화 선발 장민재의 4구째 직구를 밀어쳐 좌중간 가르는 싹쓸이 3타점 2루타를 폭발했다. 스코어를 4-0으로 벌린 장타. 6-5로 역전한 2회에도 문보경에게 만루 찬스가 왔다. 2사 만루에서 한화가 투수를 한승혁으로 교체했지만 문보경의 배트가 힘차게 돌았다. 볼카운트 투스트라이크 이후 3~5구 연속 파울 커트로 승부를 이어간 문보경은 6구째 바깥쪽 높은 149km 직구를 밀어쳐 좌측 담장을 넘겼다. 비거리 110m, 시즌 2호 홈런. 개인 통산 첫 만루 홈런이었다. 스코어를 10-5로 벌리며 LG에 승기를 가져온 결정적 한 방이었다. 7회에도 2사 만루 찬스가 문보경에게 왔다. 한 경기 만루 홈런 두 방의 기회가 문보경에게 왔다. KBO리그에서 개인 한 경기 만루 홈런 2개는 지난 1997년 5월4일 대구(시민) LG전 삼성 정경배가 역대 유일한 타자로 남아있다. 문보경은 이를 의식한 듯 한화 투수 강재민의 2구째 직구를 힘껏 받아쳤지만 중견수 뜬공으로 잡히며 아쉬움을 삼켰다. 하지만 데뷔 첫 만루 홈런과 개인 최다 7타점 경기만으로도 뜻깊은 하루였다. 경기 후 문보경은 7회 3번째 만루 타석에 대해 “어느 정도 욕심이 났던 게 사실이다. 욕심 때문에 결과가 그렇게 나왔을 수 있다”며 웃은 뒤 “앞선 만루 상황들은 팀이 연패 중이었으니 어떻게든 살려 점수를 내야겠다는 생각밖에 없었다”고 말했다. 만루 홈런은 프로뿐만 아니라 학창 시절 포함 처음 경험하는 것이었다. 그는 “야구하면서 만루 홈런은 처음 쳐본다. 홈런 치고 홈에 왔는데 앞에 형들이 3명이나 있으니 만루 홈런이 이런 기분이나구 싶었다. 전광판에 4점이 한 번에 올라가니 되게 좋더라”며 웃었다. 2021년 8개, 지난해 9개의 홈런을 기록했던 문보경이 이날 만루포는 시즌 2호 홈런이었다. 리그 전체적으로 홈런이 감소하면서 문보경의 홈런 개수도 줄었다. 이에 대해 “홈런은 욕심 부린다고 해서 나오는 게 아니다. 홈런이 줄었다고 크게 의식하는 건 없다. 아직 시즌이 한창 남았다”며 “다음주에 더 힘내서 좋은 성적을 낼 수 있게 노력하겠다”고 다짐했다. /waw@osen.co.kr이상학 기자구독구독자7,588응원수4,219OSEN 이상학 기자입니다.'8이닝 112구 무실점' 한화에 괴물 외인 떴다, 산체스 나온 날 6전 전승…LG전 위닝시리즈 확보 [대전 리뷰]""오타니, 평소 그런 선수가 아닌데…"" 억울한 삼진에 감독도 뿔났다, 격렬한 항의 끝 퇴장블핑도 나온다 'OSEN 연예'류현진을 직캠으로? 'OSEN' TV",0,https://sports.news.naver.com/news?oid=109&aid=0004868238
